{
  "hp": 100,
  "hunger": 99.70000000000002,
  "thirst": 99.54999999999998,
  "sleep": 99.85000000000001,
  "temperature": 36.6,
  "sanity": 99.94000000000001,
  "currentLevelId": "6",
  "inventory": [],
  "playTime": 3,
  "dayTime": 3,
  "levelsVisited": [
    "6"
  ],
  "entitiesKilled": 0,
  "itemsFound": 0
}