{
  "hp": 100,
  "hunger": 93.80000000000007,
  "thirst": 91.19999999999993,
  "sleep": 95.40000000000003,
  "temperature": 36.6,
  "sanity": 99.76000000000005,
  "currentLevelId": "69",
  "inventory": [],
  "playTime": 12,
  "dayTime": 12,
  "levelsVisited": [
    "69"
  ],
  "entitiesKilled": 0,
  "itemsFound": 0
}