{
  "hp": 100,
  "hunger": 95.30000000000027,
  "thirst": 92.94999999999973,
  "sleep": 97.65000000000013,
  "temperature": 36.6,
  "sanity": 99.06000000000019,
  "currentLevelId": "1",
  "inventory": [],
  "playTime": 47,
  "dayTime": 47,
  "levelsVisited": [
    "1"
  ],
  "entitiesKilled": 0,
  "itemsFound": 0
}