{
  "hp": 100,
  "hunger": 99.40000000000003,
  "thirst": 99.09999999999997,
  "sleep": 99.70000000000002,
  "temperature": 36.6,
  "sanity": 99.88000000000002,
  "currentLevelId": "69",
  "inventory": [],
  "playTime": 6,
  "dayTime": 6,
  "levelsVisited": [
    "69"
  ],
  "entitiesKilled": 0,
  "itemsFound": 0
}