{
  "hp": 100,
  "hunger": 94.7000000000003,
  "thirst": 92.0499999999997,
  "sleep": 97.35000000000015,
  "temperature": 36.6,
  "sanity": 98.94000000000021,
  "currentLevelId": "1",
  "inventory": [],
  "playTime": 53,
  "dayTime": 53,
  "levelsVisited": [
    "1"
  ],
  "entitiesKilled": 0,
  "itemsFound": 0
}