{
  "hp": 100,
  "hunger": 94.00000000000006,
  "thirst": 91.49999999999994,
  "sleep": 95.50000000000003,
  "temperature": 36.6,
  "sanity": 99.80000000000004,
  "currentLevelId": "69",
  "inventory": [],
  "playTime": 10,
  "dayTime": 10,
  "levelsVisited": [
    "69"
  ],
  "entitiesKilled": 0,
  "itemsFound": 0
}