{
  "hp": 100,
  "hunger": 94.50000000000031,
  "thirst": 91.74999999999969,
  "sleep": 97.25000000000016,
  "temperature": 36.6,
  "sanity": 98.90000000000022,
  "currentLevelId": "1",
  "inventory": [],
  "playTime": 55,
  "dayTime": 55,
  "levelsVisited": [
    "1"
  ],
  "entitiesKilled": 0,
  "itemsFound": 0
}