{
  "hp": 100,
  "hunger": 99.20000000000005,
  "thirst": 98.79999999999995,
  "sleep": 99.60000000000002,
  "temperature": 36.6,
  "sanity": 99.84000000000003,
  "currentLevelId": "69",
  "inventory": [],
  "playTime": 8,
  "dayTime": 8,
  "levelsVisited": [
    "69"
  ],
  "entitiesKilled": 0,
  "itemsFound": 0
}