{
  "hp": 100,
  "hunger": 99.50000000000003,
  "thirst": 99.24999999999997,
  "sleep": 99.75000000000001,
  "temperature": 36.6,
  "sanity": 99.90000000000002,
  "currentLevelId": "69",
  "inventory": [],
  "playTime": 5,
  "dayTime": 5,
  "levelsVisited": [
    "69"
  ],
  "entitiesKilled": 0,
  "itemsFound": 0
}