{
  "hp": 100,
  "hunger": 94.40000000000032,
  "thirst": 91.59999999999968,
  "sleep": 97.20000000000016,
  "temperature": 36.6,
  "sanity": 98.88000000000022,
  "currentLevelId": "1",
  "inventory": [],
  "playTime": 56,
  "dayTime": 56,
  "levelsVisited": [
    "1"
  ],
  "entitiesKilled": 0,
  "itemsFound": 0
}