{
  "hp": 100,
  "hunger": 99.10000000000005,
  "thirst": 98.64999999999995,
  "sleep": 99.55000000000003,
  "temperature": 36.6,
  "sanity": 99.82000000000004,
  "currentLevelId": "69",
  "inventory": [],
  "playTime": 9,
  "dayTime": 9,
  "levelsVisited": [
    "69"
  ],
  "entitiesKilled": 0,
  "itemsFound": 0
}