{
  "hp": 100,
  "hunger": 95.00000000000028,
  "thirst": 92.49999999999972,
  "sleep": 97.50000000000014,
  "temperature": 36.6,
  "sanity": 99.0000000000002,
  "currentLevelId": "1",
  "inventory": [],
  "playTime": 50,
  "dayTime": 50,
  "levelsVisited": [
    "1"
  ],
  "entitiesKilled": 0,
  "itemsFound": 0
}