{
  "hp": 100,
  "hunger": 94.90000000000029,
  "thirst": 92.34999999999971,
  "sleep": 97.45000000000014,
  "temperature": 36.6,
  "sanity": 98.9800000000002,
  "currentLevelId": "1",
  "inventory": [],
  "playTime": 51,
  "dayTime": 51,
  "levelsVisited": [
    "1"
  ],
  "entitiesKilled": 0,
  "itemsFound": 0
}