{
  "hp": 100,
  "hunger": 99.70000000000002,
  "thirst": 99.54999999999998,
  "sleep": 86.95000000000006,
  "temperature": 36.6,
  "sanity": 99.58000000000008,
  "currentLevelId": "69",
  "inventory": [],
  "playTime": 21,
  "dayTime": 21,
  "levelsVisited": [
    "69"
  ],
  "entitiesKilled": 0,
  "itemsFound": 0
}