{
  "hp": 100,
  "hunger": 93.60000000000008,
  "thirst": 90.89999999999992,
  "sleep": 95.30000000000004,
  "temperature": 36.6,
  "sanity": 99.72000000000006,
  "currentLevelId": "69",
  "inventory": [],
  "playTime": 14,
  "dayTime": 14,
  "levelsVisited": [
    "69"
  ],
  "entitiesKilled": 0,
  "itemsFound": 0
}