{
  "hp": 100,
  "hunger": 94.30000000000032,
  "thirst": 91.44999999999968,
  "sleep": 97.15000000000016,
  "temperature": 36.6,
  "sanity": 98.86000000000023,
  "currentLevelId": "1",
  "inventory": [],
  "playTime": 57,
  "dayTime": 57,
  "levelsVisited": [
    "1"
  ],
  "entitiesKilled": 0,
  "itemsFound": 0
}