{
  "hp": 100,
  "hunger": 99.30000000000004,
  "thirst": 98.94999999999996,
  "sleep": 99.65000000000002,
  "temperature": 36.6,
  "sanity": 99.86000000000003,
  "currentLevelId": "69",
  "inventory": [],
  "playTime": 7,
  "dayTime": 7,
  "levelsVisited": [
    "69"
  ],
  "entitiesKilled": 0,
  "itemsFound": 0
}