{
  "hp": 100,
  "hunger": 95.50000000000026,
  "thirst": 93.24999999999974,
  "sleep": 97.75000000000013,
  "temperature": 36.6,
  "sanity": 99.10000000000018,
  "currentLevelId": "1",
  "inventory": [],
  "playTime": 45,
  "dayTime": 45,
  "levelsVisited": [
    "1"
  ],
  "entitiesKilled": 0,
  "itemsFound": 0
}