{
  "hp": 100,
  "hunger": 99.80000000000001,
  "thirst": 99.69999999999999,
  "sleep": 87.00000000000006,
  "temperature": 36.6,
  "sanity": 99.60000000000008,
  "currentLevelId": "69",
  "inventory": [],
  "playTime": 20,
  "dayTime": 20,
  "levelsVisited": [
    "69"
  ],
  "entitiesKilled": 0,
  "itemsFound": 0
}